Date,Close,chg(close),Low,chg(low),High,chg(high),MA,Exponential_Smoothing
2021-01-04 23:58:00,50.23,50.23,49.97,49.97,51.88,51.88,50.23,50.390142485878854
2021-01-05 23:58:00,51.87,1.64,50.01,0.04,52.26,0.38,51.87,50.455426789223026
2021-01-06 23:58:00,52.02,0.15,51.21,1.2,52.37,0.11,52.02,51.879893551519245
2021-01-07 23:58:00,52.2,0.18,51.89,0.68,52.34,-0.03,52.2,51.83750475609304
2021-01-08 23:58:00,53.33,1.13,52.31,0.42,53.61,1.27,53.33,51.81313356517751
2021-01-11 23:58:00,53.33,0.0,52.66,0.35,53.48,-0.13,53.33,53.474698329787095
2021-01-12 23:58:00,54.12,0.79,53.35,0.69,54.23,0.75,54.12,53.2716615011611
2021-01-13 23:58:00,54.13,0.01,53.75,0.4,54.82,0.59,54.13,54.15897106273993
2021-01-14 23:58:00,54.43,0.3,53.68,-0.07,54.56,-0.26,54.43,54.3408360784138
2021-01-15 23:58:00,53.53,-0.9,52.97,-0.71,54.5,-0.06,53.53,54.58732404621351
2021-01-19 23:58:00,53.89,0.36,52.93,-0.04,53.93,-0.57,53.89,53.480699667990145
2021-01-20 23:58:00,53.82,-0.07,53.5,0.57,54.25,0.32,53.82,53.497927253159354
2021-01-21 23:58:00,53.79,-0.03,53.41,-0.09,53.83,-0.42,53.79,54.097599935634776
2021-01-22 23:58:00,53.22,-0.57,52.61,-0.8,53.39,-0.44,53.22,53.74978169044066
2021-01-25 23:58:00,53.56,0.34,53.1,0.49,53.51,0.12,53.56,53.41226479888938
2021-01-26 23:58:00,53.36,-0.2,53.19,0.09,53.76,0.25,53.36,53.75118034466699
2021-01-27 23:58:00,53.41,0.05,52.89,-0.3,53.82,0.06,53.41,53.570754629026894
2021-01-28 23:58:00,52.91,-0.5,52.88,-0.01,53.84,0.02,52.91,53.26097072229563
2021-01-29 23:58:00,52.79,-0.12,52.75,-0.13,53.59,-0.25,52.79,52.60249519741332
2021-02-01 23:58:00,53.92,1.13,52.5,-0.25,53.99,0.4,53.92,53.0825684569017
2021-02-02 23:58:00,54.8,0.88,54.02,1.52,55.11,1.12,54.8,53.75241532764648
2021-02-03 23:58:00,55.51,0.71,54.91,0.89,55.71,0.6,55.51,54.81680812555326
2021-02-04 23:58:00,55.83,0.32,55.36,0.45,55.97,0.26,55.83,55.640507049171134
2021-02-05 23:58:00,56.27,0.44,56.0,0.64,56.53,0.56,56.27,55.97616405141009
2021-02-08 23:58:00,57.36,1.09,56.58,0.58,57.4,0.87,57.36,56.07040482135696
2021-02-09 23:58:00,57.7,0.34,57.26,0.68,57.78,0.38,57.7,56.87000859051219
2021-02-10 23:58:00,57.95,0.25,57.53,0.27,58.03,0.25,57.95,57.92110214218551
2021-02-11 23:58:00,57.64,-0.31,57.41,-0.12,57.95,-0.08,57.64,57.87235171557409
2021-02-12 23:58:00,58.45,0.81,57.11,-0.3,58.66,0.71,58.45,57.79918049205388
2021-02-16 23:58:00,59.2,0.75,58.66,1.55,59.34,0.68,59.2,58.58522029376965
2021-02-17 23:58:00,59.66,0.46,58.89,0.23,60.0,0.66,59.66,59.298857730670484
2021-02-18 23:58:00,59.35,-0.31,58.92,0.03,60.46,0.46,59.35,59.45291807634878
2021-02-19 23:58:00,58.73,-0.62,58.19,-0.73,59.38,-1.08,58.73,59.01490332515764
2021-02-22 23:58:00,60.59,1.86,59.12,0.93,61.01,1.63,60.59,59.07511627435764
2021-02-23 23:58:00,60.84,0.25,60.08,0.96,61.72,0.71,60.84,60.347059653045406
2021-02-24 23:58:00,62.38,1.54,60.5,0.42,62.45,0.73,62.38,60.9185034005425
2021-02-25 23:58:00,62.32,-0.06,61.97,1.47,62.87,0.42,62.32,62.42504548744988
2021-02-26 23:58:00,60.6,-1.72,60.5,-1.47,62.06,-0.81,60.6,62.49892672263044
2021-03-01 23:58:00,59.96,-0.64,59.59,-0.91,61.82,-0.24,59.96,60.64431445333446
2021-03-02 23:58:00,59.44,-0.52,59.0,-0.59,60.55,-1.27,59.44,59.689574334347036
2021-03-03 23:58:00,60.67,1.23,59.13,0.13,61.15,0.6,60.67,59.78118649496161
2021-03-04 23:58:00,62.64,1.97,60.17,1.04,63.4,2.25,62.64,60.49669990822257
2021-03-05 23:58:00,64.58,1.94,62.58,2.41,64.75,1.35,64.58,62.53492738632798
2021-03-08 23:58:00,63.96,-0.62,63.49,0.91,66.13,1.38,63.96,64.56013202558715
2021-03-09 23:58:00,63.53,-0.43,63.2,-0.29,64.82,-1.31,63.53,64.1939971454964
2021-03-10 23:58:00,63.7,0.17,62.68,-0.52,64.1,-0.72,63.7,63.43694837389104
2021-03-11 23:58:00,64.98,1.28,63.9,1.22,65.1,1.0,64.98,63.324195074262086
2021-03-12 23:58:00,64.79,-0.19,64.55,0.65,65.0,-0.1,64.79,65.1092436561035
2021-03-15 23:58:00,64.55,-0.24,63.82,-0.73,65.45,0.45,64.55,64.75107686831254
2021-03-16 23:58:00,64.29,-0.26,63.43,-0.39,64.51,-0.94,64.29,64.70570167154116
2021-03-17 23:58:00,64.32,0.03,63.76,0.33,64.79,0.28,64.32,64.54385363881151
2021-03-18 23:58:00,60.68,-3.64,59.17,-4.59,64.36,-0.43,60.68,64.51214221803588
2021-03-19 23:58:00,61.71,1.03,60.05,0.88,62.03,-2.33,61.71,60.93935363300291
2021-03-22 23:58:00,61.97,0.26,61.0,0.95,62.14,0.11,61.97,61.27773331388527
2021-03-23 23:58:00,59.15,-2.82,58.86,-2.14,61.51,-0.63,59.15,62.206421806409466
2021-03-24 23:58:00,61.85,2.7,58.89,0.03,61.85,0.34,61.85,59.415543977001164
2021-03-25 23:58:00,59.61,-2.24,58.91,0.02,61.51,-0.34,59.61,61.71254096433291
2021-03-26 23:58:00,61.71,2.1,59.92,1.01,62.0,0.49,61.71,60.051487418686584
2021-03-29 23:58:00,61.97,0.26,60.46,0.54,62.3,0.3,61.97,61.692759200481454
2021-03-30 23:58:00,61.24,-0.73,60.8,0.34,62.4,0.1,61.24,61.772250779329845
2021-03-31 23:58:00,60.22,-1.02,60.26,-0.54,61.82,-0.58,60.22,60.952659696165014
2021-04-01 23:58:00,62.49,2.27,60.16,-0.1,62.6,0.78,62.49,60.61492197431574
2021-04-05 23:58:00,60.37,-2.12,59.46,-0.7,62.32,-0.28,60.37,62.20699383310959
2021-04-06 23:58:00,61.0,0.63,60.48,1.02,62.2,-0.12,61.0,60.70767115099323
2021-04-07 23:58:00,61.24,0.24,60.11,-0.37,61.66,-0.54,61.24,61.17509662167248
2021-04-08 23:58:00,60.86,-0.38,60.3,0.19,61.13,-0.53,60.86,61.40002262766812
2021-04-09 23:58:00,60.76,-0.1,60.33,0.03,60.91,-0.22,60.76,60.75315820837576
2021-04-12 23:58:00,61.15,0.39,60.33,0.0,61.93,1.02,61.15,60.412694305226395
2021-04-13 23:58:00,61.66,0.51,61.25,0.92,61.94,0.01,61.66,61.38141193775745
2021-04-14 23:58:00,64.14,2.48,62.05,0.8,64.32,2.38,64.14,61.55457769421036
2021-04-15 23:58:00,64.21,0.07,63.6,1.55,64.31,-0.01,64.21,63.985748385616546
2021-04-16 23:58:00,64.02,-0.19,63.86,0.26,64.68,0.37,64.02,64.39266912056785
2021-04-19 23:58:00,64.08,0.06,63.64,-0.22,64.4,-0.28,64.08,64.22869553972282
2021-04-20 23:58:00,63.51,-0.57,62.66,-0.98,64.82,0.42,63.51,63.929629356051336
2021-04-21 23:58:00,62.5,-1.01,62.11,-0.55,63.26,-1.56,62.5,63.21013237275729
2021-04-22 23:58:00,62.65,0.15,61.99,-0.12,63.04,-0.22,62.65,62.89241617561775
2021-04-23 23:58:00,63.3,0.65,62.4,0.41,63.41,0.37,63.3,62.60253105256262
2021-04-26 23:58:00,63.12,-0.18,62.16,-0.24,63.37,-0.04,63.12,63.355752870926196
2021-04-27 23:58:00,63.93,0.81,63.13,0.97,64.19,0.82,63.93,63.35383723044702
2021-04-28 23:58:00,64.69,0.76,63.78,0.65,65.02,0.83,64.69,64.03315323093665
2021-04-29 23:58:00,65.61,0.92,64.83,1.05,65.94,0.92,65.61,64.45002571104736
2021-04-30 23:58:00,64.35,-1.26,64.0,-0.83,65.48,-0.46,64.35,65.13442683594248
2021-05-03 23:58:00,65.26,0.91,63.88,-0.12,65.34,-0.14,65.26,64.75068024250136
2021-05-04 23:58:00,66.52,1.26,65.3,1.42,66.84,1.5,66.52,65.12891250519071
2021-05-05 23:58:00,66.64,0.12,66.15,0.85,67.39,0.55,66.64,66.4985989458744
2021-05-06 23:58:00,65.97,-0.67,65.89,-0.26,67.0,-0.39,65.97,66.83188491539845
2021-05-07 23:58:00,66.37,0.4,65.4,-0.49,66.5,-0.5,66.37,66.23311294063586
2021-05-10 23:58:00,66.56,0.19,65.82,0.42,67.3,0.8,66.56,66.18786287909974
2021-05-11 23:58:00,66.95,0.39,65.59,-0.23,67.09,-0.21,66.95,66.17206106434273
2021-05-12 23:58:00,67.68,0.73,66.8,1.21,68.11,1.02,67.68,67.17689214528781
2021-05-13 23:58:00,65.46,-2.22,64.9,-1.9,67.28,-0.83,65.46,67.54960348150122
2021-05-14 23:58:00,66.63,1.17,64.98,0.08,66.72,-0.56,66.63,65.82576991327257
2021-05-17 23:58:00,67.23,0.6,66.34,1.36,67.3,0.58,67.23,66.74815582889708
2021-05-18 23:58:00,66.7,-0.53,65.67,-0.67,67.84,0.54,66.7,67.34364466255307
2021-05-19 23:58:00,64.79,-1.91,63.6,-2.07,66.2,-1.64,64.79,66.6046844979775
2021-05-20 23:58:00,63.65,-1.14,63.36,-0.24,65.14,-1.06,63.65,64.64530984880014
2021-05-21 23:58:00,64.85,1.2,63.3,-0.06,65.25,0.11,64.85,64.07413759261101
2021-05-24 23:58:00,66.74,1.89,65.27,1.97,66.87,1.62,66.74,64.68926391285704
2021-05-25 23:58:00,66.73,-0.01,66.76,1.49,66.76,-0.11,66.73,66.6452236372508
2021-05-26 23:58:00,66.98,0.25,66.24,-0.52,67.1,0.34,66.98,66.92818350036721
2021-05-27 23:58:00,67.38,0.4,66.33,0.09,67.42,0.32,67.38,67.1414783324276
2021-05-28 23:58:00,66.9,-0.48,66.84,0.51,67.84,0.42,66.9,67.18655765952577
2021-06-01 23:58:00,68.32,1.42,68.8,1.96,68.8,0.96,68.32,66.58533028206476
2021-06-02 23:58:00,69.34,1.02,68.47,-0.33,69.4,0.6,69.34,68.4404712141313
2021-06-03 23:58:00,69.28,-0.06,68.98,0.51,68.98,-0.42,69.28,69.16550801723149
2021-06-04 23:58:00,69.87,0.59,68.98,0.0,70.0,1.02,69.87,69.4005996935912
2021-06-07 23:58:00,69.58,-0.29,69.11,0.13,70.06,0.06,69.58,70.02540026409089
2021-06-08 23:58:00,70.18,0.6,68.96,-0.15,70.31,0.25,70.18,69.79678571250385
2021-06-09 23:58:00,70.1,-0.08,69.78,0.82,70.58,0.27,70.1,69.97046292866472
2021-06-10 23:58:00,70.26,0.16,69.0,-0.78,70.6,0.02,70.26,69.73904643001359
2021-06-11 23:58:00,70.36,0.1,69.9,0.9,70.52,-0.08,70.36,70.51547764145683
2021-06-14 23:58:00,70.51,0.15,70.32,0.42,71.0,0.48,70.51,70.30286053707252
2021-06-15 23:58:00,71.37,0.86,70.4,0.08,71.64,0.64,71.37,70.62029415015105
2021-06-16 23:58:00,71.6,0.23,71.22,0.82,72.05,0.41,71.6,71.49422077261266
2021-06-17 23:58:00,70.27,-1.33,69.35,-1.87,71.56,-0.49,70.27,71.75547584797886
2021-06-18 23:58:00,70.63,0.36,69.5,0.15,70.81,-0.75,70.63,70.26832469386547
2021-06-21 23:58:00,71.69,1.06,70.19,0.69,71.74,0.93,71.69,70.24322478038853
2021-06-22 23:58:00,71.85,0.16,71.4,1.21,72.09,0.35,71.85,71.84249485084185
2021-06-23 23:58:00,72.34,0.49,72.1,0.7,72.9,0.81,72.34,71.77473131999835
2021-06-24 23:58:00,72.66,0.32,71.88,-0.22,72.78,-0.12,72.66,72.41045802763419
2021-06-25 23:58:00,73.15,0.49,72.1,0.22,73.13,0.35,73.15,72.83985597006149
2021-06-28 23:58:00,72.1,-1.05,71.92,-0.18,73.25,0.12,72.1,73.28274354302074
2021-06-29 23:58:00,72.25,0.15,71.4,-0.52,72.84,-0.41,72.25,72.06465059057861
2021-06-30 23:58:00,72.37,0.12,72.0,0.6,73.1,0.26,72.37,71.88283820672446
2021-07-01 23:58:00,73.44,1.07,72.38,0.38,74.01,0.91,73.44,72.62923643010461
2021-07-02 23:58:00,73.79,0.35,72.91,0.53,73.93,-0.08,73.79,73.27538172252227
2021-07-06 23:58:00,71.92,-1.87,71.54,-1.37,75.02,1.09,71.92,73.86609207098628
2021-07-07 23:58:00,70.96,-0.96,70.15,-1.39,73.25,-1.77,70.96,72.34408499467163
2021-07-08 23:58:00,71.7,0.74,69.83,-0.32,71.87,-1.38,71.7,71.2811993089769
2021-07-09 23:58:00,73.11,1.41,71.42,1.59,73.25,1.38,73.11,71.48650451845891
2021-07-12 23:58:00,72.87,-0.24,71.96,0.54,73.2,-0.05,72.87,72.58286755401159
2021-07-13 23:58:00,74.13,1.26,72.7,0.74,74.24,1.04,74.13,73.15148648307927
2021-07-14 23:58:00,72.46,-1.67,71.7,-1.0,74.31,0.07,72.46,73.94672223453591
2021-07-15 23:58:00,71.39,-1.07,71.16,-0.54,72.21,-2.1,71.39,72.75870905586028
2021-07-16 23:58:00,71.67,0.28,70.5,-0.66,72.01,-0.2,71.67,71.74986040820615
2021-07-19 23:58:00,66.94,-4.73,66.42,-4.08,71.22,-0.79,66.94,71.84612527351888
2021-07-20 23:58:00,67.61,0.67,65.92,-0.5,67.84,-3.38,67.61,67.31881701339795
2021-07-21 23:58:00,70.31,2.7,67.05,1.13,70.38,2.54,70.31,67.23106591850092
2021-07-22 23:58:00,71.67,1.36,69.77,2.72,71.7,1.32,71.67,70.28094338953294
2021-07-23 23:58:00,71.88,0.21,71.21,1.44,71.95,0.25,71.88,71.44105590393586
2021-07-26 23:58:00,72.06,0.18,70.57,-0.64,72.22,0.27,72.06,71.96450960365415
2021-07-27 23:58:00,71.89,-0.17,71.65,1.08,72.54,0.32,71.89,72.25699173722131
2021-07-28 23:58:00,72.35,0.46,71.95,0.3,72.65,0.11,72.35,72.0980640133576
2021-07-29 23:58:00,73.61,1.26,72.22,0.27,73.65,1.0,73.61,72.15506554896598
2021-07-30 23:58:00,73.8,0.19,72.95,0.73,74.0,0.35,73.8,73.10161726423304
2021-08-02 23:58:00,71.49,-2.31,71.0,-1.95,73.73,-0.27,71.49,74.03574149135049
2021-08-03 23:58:00,71.12,-0.37,69.9,-1.1,72.06,-1.67,71.12,71.69873899656957
2021-08-04 23:58:00,69.32,-1.8,69.07,-0.83,71.43,-0.63,69.32,71.31771050257808
2021-08-05 23:58:00,70.26,0.94,68.81,-0.26,70.35,-1.08,70.26,69.74982671843249
2021-08-06 23:58:00,69.87,-0.39,69.43,0.62,71.32,0.97,69.87,70.37049349358796
2021-08-09 23:58:00,68.16,-1.71,66.93,-2.5,69.05,-2.27,68.16,69.75876124630847
2021-08-10 23:58:00,69.76,1.6,68.44,1.51,70.26,1.21,69.76,67.9912918650123
2021-08-11 23:58:00,70.6,0.84,68.32,-0.12,70.71,0.45,70.6,69.87668497396747
2021-08-12 23:58:00,70.44,-0.16,70.0,1.68,70.94,0.23,70.44,70.44510896488742
2021-08-13 23:58:00,69.74,-0.7,69.25,-0.75,70.5,-0.44,69.74,70.57390337150596
2021-08-16 23:58:00,68.68,-1.06,67.44,-1.81,69.55,-0.95,68.68,70.0403718710234
2021-08-17 23:58:00,68.12,-0.56,67.97,0.53,69.08,-0.47,68.12,68.9985615980492
2021-08-18 23:58:00,67.26,-0.86,66.3,-1.67,69.0,-0.08,67.26,68.0508152487349
2021-08-19 23:58:00,65.53,-1.73,64.65,-1.65,66.58,-2.42,65.53,67.00142085491424
2021-08-20 23:58:00,64.28,-1.25,64.09,-0.56,65.84,-0.74,64.28,66.0070972839411
2021-08-23 23:58:00,67.86,3.58,63.92,-0.17,67.93,2.09,67.86,64.397677977744
2021-08-24 23:58:00,69.78,1.92,67.69,3.77,70.0,2.07,69.78,67.60820736059621
2021-08-25 23:58:00,70.59,0.81,69.26,1.57,70.69,0.69,70.59,69.74603646142721
2021-08-26 23:58:00,69.57,-1.02,69.19,-0.07,70.45,-0.24,69.57,70.6633646872864
2021-08-27 23:58:00,71.05,1.48,69.89,0.7,71.1,0.65,71.05,69.52470864288746
2021-08-30 23:58:00,71.53,0.48,70.44,0.55,72.0,0.9,71.53,70.53379119167181
2021-08-31 23:58:00,71.0,-0.53,70.65,0.21,71.64,-0.36,71.0,71.73261311511645
2021-09-01 23:58:00,71.03,0.03,69.85,-0.8,71.75,0.11,71.03,71.00705759620702
2021-09-02 23:58:00,72.41,1.38,70.34,0.49,72.83,1.08,72.41,71.16078310328457
2021-09-03 23:58:00,71.98,-0.43,71.78,1.44,73.02,0.19,71.98,72.47865819364111
2021-09-07 23:58:00,71.06,-0.92,70.49,-1.29,72.25,-0.77,71.06,72.20270978845751
2021-09-08 23:58:00,71.82,0.76,70.95,0.46,72.23,-0.02,71.82,71.02019749794886
2021-09-09 23:58:00,70.79,-1.03,70.21,-0.74,72.4,0.17,70.79,71.3844901742313
2021-09-10 23:58:00,72.26,1.47,70.31,0.1,72.42,0.02,72.26,71.16955282633772
2021-09-13 23:58:00,72.9,0.64,72.04,1.73,73.27,0.85,72.9,72.06427141965617
2021-09-14 23:58:00,72.97,0.07,72.49,0.45,73.6,0.33,72.97,72.94037369728034
2021-09-15 23:58:00,74.78,1.81,73.14,0.65,75.42,1.82,74.78,73.17431805688022
2021-09-16 23:58:00,74.98,0.2,73.84,0.7,75.18,-0.24,74.98,74.76863574381358
2021-09-17 23:58:00,74.56,-0.42,73.93,0.09,75.07,-0.11,74.56,74.7895785114748
2021-09-20 23:58:00,73.07,-1.49,72.65,-1.28,74.6,-0.47,73.07,74.23899227737915
2021-09-21 23:58:00,73.57,0.5,72.5,-0.15,74.34,-0.26,73.57,73.51345696197544
2021-09-22 23:58:00,75.39,1.82,73.72,1.22,75.45,1.11,75.39,73.48927664948577
2021-09-23 23:58:00,76.46,1.07,74.81,1.09,76.53,1.08,76.46,75.31191013204756
2021-09-24 23:58:00,77.23,0.77,76.07,1.26,77.4,0.87,77.23,76.5399069515114
2021-09-27 23:58:00,78.72,1.49,77.42,1.35,79.04,1.64,78.72,77.32048030124835
2021-09-28 23:58:00,78.35,-0.37,77.31,-0.11,79.94,0.9,78.35,78.39741530026554
2021-09-29 23:58:00,78.09,-0.26,76.77,-0.54,78.74,-1.2,78.09,78.00872954435624
2021-09-30 23:58:00,78.31,0.22,76.5,-0.27,79.31,0.57,78.31,78.39438531543925
2021-10-01 23:58:00,79.28,0.97,77.57,1.07,79.41,0.1,79.28,78.24495266939333
2021-10-04 23:58:00,81.26,1.98,78.76,1.19,82.0,2.59,81.26,79.29820268514926
2021-10-05 23:58:00,82.56,1.3,81.2,2.44,83.11,1.11,82.56,81.24939506612303
2021-10-06 23:58:00,81.08,-1.48,80.59,-0.61,83.44,0.33,81.08,82.5814583215347
2021-10-07 23:58:00,81.95,0.87,79.08,-1.51,82.5,-0.94,81.95,81.08010251171191
2021-10-08 23:58:00,82.39,0.44,81.96,2.88,83.43,0.93,82.39,81.50669322962511
2021-10-11 23:58:00,83.65,1.26,82.56,0.6,84.6,1.17,83.65,82.60517165655789
2021-10-12 23:58:00,83.42,-0.23,82.72,0.16,84.23,-0.37,83.42,83.45934578809559
2021-10-13 23:58:00,83.18,-0.24,82.21,-0.51,83.69,-0.54,83.18,83.55771166659945
2021-10-14 23:58:00,84.0,0.82,83.19,0.98,84.53,0.84,84.0,83.4296278658556
2021-10-15 23:58:00,84.86,0.86,84.17,0.98,85.1,0.57,84.86,84.10379732692476
2021-10-18 23:58:00,84.33,-0.53,83.96,-0.21,86.03,0.93,84.33,84.60897398979763
2021-10-19 23:58:00,85.08,0.75,83.71,-0.25,85.4,-0.63,85.08,84.01448673050083
2021-10-20 23:58:00,85.82,0.74,83.63,-0.08,85.89,0.49,85.82,85.27490411040212
2021-10-21 23:58:00,84.61,-1.21,83.36,-0.27,86.12,0.23,84.61,85.6849329958596
2021-10-22 23:58:00,85.53,0.92,83.83,0.47,85.94,-0.18,85.53,84.86290411100228
2021-10-25 23:58:00,85.99,0.46,85.44,1.61,86.72,0.78,85.99,85.66340980731276
2021-10-26 23:58:00,86.4,0.41,85.28,-0.16,86.53,-0.19,86.4,86.12091415321737
2021-10-27 23:58:00,84.58,-1.82,84.05,-1.23,86.27,-0.26,84.58,86.20204557223707
2021-10-28 23:58:00,75.39,-9.19,82.31,-1.74,84.57,-1.7,75.39,84.41388187633318
2021-10-29 23:58:00,75.11,-0.28,74.61,-7.7,75.77,-8.8,75.11,76.70718727879238
2021-11-01 23:58:00,75.47,0.36,74.69,0.08,75.56,-0.21,75.47,75.21322758824228
2021-11-02 23:58:00,75.56,0.09,74.99,0.3,75.7,0.14,75.56,75.57477327437827
2021-11-03 23:58:00,73.66,-1.9,73.05,-1.94,74.71,-0.99,73.66,75.76925679892987
2021-11-04 23:58:00,73.44,-0.22,73.21,0.16,75.56,0.85,73.44,74.06186300897035
2021-11-05 23:58:00,75.38,1.94,73.45,0.24,75.55,-0.01,75.38,73.34226165787432
2021-11-08 23:58:00,75.91,0.53,75.43,1.98,76.06,0.51,75.91,74.8067896784678
2021-11-09 23:58:00,76.45,0.54,75.75,0.32,76.51,0.45,76.45,76.10071093074863
2021-11-10 23:58:00,74.92,-1.53,74.67,-1.08,76.73,0.22,74.92,76.33671335928095
2021-11-11 23:58:00,75.36,0.44,74.47,-0.2,75.49,-1.24,75.36,75.21092168899038
2021-11-12 23:58:00,74.81,-0.55,74.1,-0.37,75.2,-0.29,74.81,75.55103093759057
2021-11-15 23:58:00,74.81,0.0,74.03,-0.07,74.9,-0.3,74.81,75.05966985902135
2021-11-16 23:58:00,75.04,0.23,74.6,0.57,75.54,0.64,75.04,74.67086115262836
2021-11-17 23:58:00,73.62,-1.42,73.33,-1.27,74.85,-0.69,73.62,74.65239457209469
2021-11-18 23:58:00,74.57,0.95,73.08,-0.25,74.57,-0.28,74.57,74.04826267484623
2021-11-19 23:58:00,72.75,-1.82,72.49,-0.59,74.97,0.4,72.75,74.43753125685103
2021-11-22 23:58:00,73.79,1.04,72.0,-0.49,73.83,-1.14,73.79,73.07104583334336
2021-11-23 23:58:00,75.81,2.02,72.99,0.99,76.01,2.18,75.81,73.91764139920821
2021-11-24 23:58:00,75.55,-0.26,75.24,2.25,75.91,-0.1,75.55,75.76674756712542
2021-11-26 13:00:00,67.74,-7.81,67.82,-7.42,75.83,-0.08,67.74,75.40719907761697
2021-11-29 23:58:00,69.48,1.74,68.65,0.83,71.35,-4.48,69.48,68.246308096149
2021-11-30 23:58:00,65.98,-3.5,64.72,-3.93,70.51,-0.84,65.98,69.65619695106835
2021-12-01 23:58:00,65.99,0.01,65.77,1.05,68.65,-1.86,65.99,66.31448401955508
2021-12-02 23:58:00,66.78,0.79,64.14,-1.63,67.28,-1.37,66.78,66.15942872303253
2021-12-03 23:58:00,67.2,0.42,66.66,2.52,68.77,1.49,67.2,66.91858491705253
2021-12-06 23:58:00,69.78,2.58,68.0,1.34,70.2,1.43,69.78,67.33593915620752
2021-12-07 23:58:00,71.93,2.15,69.9,1.9,72.25,2.05,71.93,69.34122686085558
2021-12-08 23:58:00,72.62,0.69,71.36,1.46,72.73,0.48,72.62,71.29549591902861
2021-12-09 23:58:00,71.48,-1.14,70.99,-0.37,73.08,0.35,71.48,72.78609554592114
2021-12-10 23:58:00,71.84,0.36,71.22,0.23,72.4,-0.68,71.84,71.5508483098312
2021-12-13 23:58:00,71.46,-0.38,71.36,0.14,72.6,0.2,71.46,71.94117160792602
2021-12-14 23:58:00,70.94,-0.52,70.24,-1.12,71.76,-0.84,70.94,71.72113611842137
2021-12-15 23:58:00,70.74,-0.2,69.74,-0.5,71.36,-0.4,70.74,71.19413091682098
2021-12-16 23:58:00,71.4,0.66,70.75,1.01,71.9,0.54,71.4,70.62360414850481
2021-12-17 23:58:00,70.02,-1.38,69.52,-1.23,71.2,-0.7,70.02,70.96709378234851
2021-12-20 23:58:00,68.49,-1.53,66.83,-2.69,69.05,-2.15,68.49,70.43877432023659
2021-12-21 23:58:00,70.5,2.01,68.9,2.07,70.71,1.66,70.5,68.63233600446199
2021-12-22 23:58:00,71.16,0.66,69.9,1.0,71.33,0.62,71.16,70.42558746384911
2021-12-23 23:58:00,72.18,1.02,70.81,0.91,72.3,0.97,72.18,71.28592190451837
2021-12-27 23:58:00,73.61,1.43,71.0,0.19,74.03,1.73,73.61,72.24779024082768
2021-12-28 23:58:00,74.02,0.41,73.9,2.9,74.7,0.67,74.02,73.29156542202152
2021-12-29 23:58:00,74.63,0.61,73.67,-0.23,75.06,0.36,74.63,73.59242870076514
2021-12-30 23:58:00,74.96,0.33,74.19,0.52,75.22,0.16,74.96,74.82801220297469
2021-12-31 23:58:00,73.35,-1.61,73.29,-0.9,74.69,-0.53,73.35,74.87088464459289
2022-01-03 23:58:00,74.59,1.24,73.24,-0.05,74.7,0.01,74.59,73.65250907682454
2022-01-04 23:58:00,75.59,1.0,74.59,1.35,75.78,1.08,75.59,74.6933326961197
2022-01-05 23:58:00,75.75,0.16,75.25,0.66,76.25,0.47,75.75,75.657502234196
2022-01-06 23:58:00,76.48,0.73,74.69,-0.56,76.97,0.72,76.48,75.57280048823516
2022-01-07 23:58:00,76.3,-0.18,76.0,1.31,77.23,0.26,76.3,76.03254397373338
2022-01-10 23:58:00,75.73,-0.57,75.47,-0.53,76.76,-0.47,75.73,76.58367515719713
2022-01-11 23:58:00,77.92,2.19,75.9,0.43,77.98,1.22,77.92,75.75052381507565
2022-01-12 23:58:00,78.49,0.57,77.68,1.78,78.82,0.84,78.49,77.81201570823224
2022-01-13 23:58:00,78.33,-0.16,77.77,0.09,78.79,-0.03,78.33,78.62219864140242
2022-01-14 23:58:00,79.49,1.16,78.2,0.43,79.71,0.92,79.49,78.52974447572224
2022-01-18 23:58:00,80.7,1.21,79.19,0.99,81.4,1.69,80.7,79.21627637603237
2022-01-19 23:58:00,81.23,0.53,80.85,1.66,81.7,0.3,81.23,80.18841492467119
2022-01-20 23:58:00,81.54,0.31,80.38,-0.47,82.01,0.31,81.54,81.42756573169095
2022-01-21 23:58:00,80.98,-0.56,79.36,-1.02,81.08,-0.93,80.98,81.45305966385381
2022-01-24 23:58:00,79.62,-1.36,78.49,-0.87,81.7,0.62,79.62,81.16595537876944
2022-01-25 23:58:00,80.92,1.3,79.61,1.12,81.0,-0.7,80.92,79.99957621069925
2022-01-26 23:58:00,81.89,0.97,80.65,1.04,82.4,1.4,81.89,80.98485970809283
2022-01-27 23:58:00,81.18,-0.71,80.89,0.24,82.6,0.2,81.18,81.62240706167715
2022-01-28 23:58:00,81.1,-0.08,80.86,-0.03,82.46,-0.14,81.1,80.8826660282484
2022-01-31 23:58:00,81.62,0.52,81.0,0.14,81.91,-0.55,81.62,81.38925042739011
2022-02-01 23:58:00,81.57,-0.05,80.32,-0.68,82.02,0.11,81.57,81.51989898532223
2022-02-02 23:58:00,81.99,0.42,81.29,0.97,82.75,0.73,81.99,81.69776215346431
2022-02-03 23:58:00,83.27,1.28,80.98,-0.31,83.34,0.59,83.27,82.16510674133546
2022-02-04 23:58:00,84.52,1.25,83.39,2.41,84.78,1.44,84.52,83.3143404424734
2022-02-07 23:58:00,84.55,0.03,84.24,0.85,85.18,0.4,84.55,84.21897911755354
2022-02-08 23:58:00,83.11,-1.44,82.6,-1.64,84.61,-0.57,83.11,84.16663459258832
2022-02-09 23:58:00,84.09,0.98,82.56,-0.04,84.44,-0.17,84.09,83.54095896996509
2022-02-10 23:58:00,84.02,-0.07,83.62,1.06,85.18,0.74,84.02,83.95449417246525
2022-02-11 23:58:00,85.5,1.48,83.16,-0.46,86.04,0.86,85.5,84.14604861613287
2022-02-14 23:58:00,86.38,0.88,84.56,1.4,86.5,0.46,86.38,85.55700816371039
2022-02-15 23:58:00,83.55,-2.83,82.83,-1.73,85.73,-0.77,83.55,86.45569744876423
2022-02-16 23:58:00,84.46,0.91,82.28,-0.55,84.84,-0.89,84.46,83.70630155276399
2022-02-17 23:58:00,83.54,-0.92,82.76,0.48,84.01,-0.83,83.54,84.02961849922546
2022-02-18 23:58:00,84.25,0.71,82.16,-0.6,84.66,0.65,84.25,83.90788753911362
2022-02-22 23:58:00,85.79,1.54,83.65,1.49,87.74,3.08,85.79,84.13751165151407
2022-02-23 23:58:00,86.56,0.77,85.06,1.41,87.53,-0.21,86.56,85.73952230080982
2022-02-24 23:58:00,86.24,-0.32,85.2,0.14,92.04,4.51,86.24,86.67634854242912
2022-02-25 23:58:00,85.24,-1.0,84.48,-0.72,88.13,-3.91,85.24,86.45577883335827
2022-02-28 23:58:00,86.85,1.61,86.48,2.0,89.3,1.17,86.85,85.20832525457492
2022-03-01 23:58:00,89.0,2.15,87.16,0.68,90.5,1.2,89.0,86.32084539518357
2022-03-02 23:58:00,93.28,4.28,89.79,2.63,93.72,3.22,93.28,89.01541242511873
2022-03-03 23:58:00,93.46,0.18,92.39,2.6,96.31,2.59,93.46,92.73119929493535
2022-03-04 23:58:00,100.74,7.28,93.87,1.48,100.85,4.54,100.74,93.51226771559261
2022-03-07 23:58:00,103.0,2.26,99.72,5.85,108.5,7.65,103.0,100.1436443719089
2022-03-08 23:58:00,104.33,1.33,102.21,2.49,108.16,-0.34,104.33,102.84951837677454
2022-03-09 23:58:00,92.15,-12.18,94.92,-7.29,94.92,-13.24,92.15,103.99840958913855
2022-03-10 23:58:00,92.38,0.23,91.8,-3.12,96.72,1.8,92.38,93.12140062397889
2022-03-11 23:58:00,109.1,16.72,103.11,11.31,109.67,12.95,109.1,92.77589426221289
2022-03-14 23:58:00,91.96,-17.14,100.66,-2.45,109.03,-0.64,91.96,107.20977157480336
2022-03-15 23:58:00,89.46,-2.5,86.67,-13.99,90.98,-18.05,89.46,93.7896272717769
2022-03-16 23:58:00,87.53,-1.93,87.24,0.57,91.5,0.52,87.53,90.14921499747095
2022-03-17 23:58:00,93.04,5.51,93.08,5.84,93.54,2.04,93.04,87.98858766484683
2022-03-18 23:58:00,94.35,1.31,92.56,-0.52,95.03,1.49,94.35,92.31120087166141
2022-03-21 23:58:00,98.47,4.12,94.9,2.34,99.0,3.97,98.47,93.77667170913682
2022-03-22 23:58:00,98.19,-0.28,96.96,2.06,100.16,1.16,98.19,98.26136798697169
2022-03-23 23:58:00,101.22,3.03,98.65,1.69,101.61,1.45,101.22,98.12350464855142
2022-03-24 23:58:00,99.14,-2.08,98.07,-0.58,102.4,0.79,99.14,101.00889974579151
2022-03-25 23:58:00,100.61,1.47,96.53,-1.54,100.66,-1.74,100.61,99.55549858465419
2022-03-28 23:58:00,95.28,-5.33,92.5,-4.03,97.97,-2.69,95.28,100.65994573100411
2022-03-29 23:58:00,95.14,-0.14,90.85,-1.65,96.81,-1.16,95.14,95.71152191946975
2022-03-30 23:58:00,98.44,3.3,96.31,5.46,98.43,1.62,98.44,94.85702800800075
2022-03-31 23:58:00,95.51,-2.93,94.71,-1.6,98.3,-0.13,95.51,98.3548772834872
2022-04-01 23:58:00,97.0,1.49,94.43,-0.28,97.19,-1.11,97.0,95.75201301981322
2022-04-04 23:58:00,99.85,2.85,96.0,1.57,100.0,2.81,99.85,96.99451660453218
2022-04-05 23:58:00,99.05,-0.8,97.31,1.31,100.81,0.81,99.05,99.73998684113701
2022-04-06 23:58:00,95.63,-3.42,95.65,-1.66,100.21,-0.6,95.63,99.29399202010033
2022-04-07 23:58:00,96.12,0.49,94.39,-1.26,97.36,-2.85,96.12,95.87064963705743
2022-04-08 23:58:00,97.95,1.83,95.55,1.16,98.0,0.64,97.95,95.7457191579957
2022-04-11 23:58:00,98.48,0.53,94.02,-1.53,97.01,-0.99,98.48,98.01823451945472
2022-04-12 23:58:00,104.64,6.16,98.98,4.96,105.6,8.59,104.64,98.35420212624942
2022-04-13 23:58:00,102.24,-2.4,104.07,5.09,109.0,3.4,102.24,104.07414105560612
2022-04-14 23:58:00,103.6,1.36,100.38,-3.69,103.8,-5.2,103.6,102.65163223772028
2022-04-18 23:58:00,103.82,0.22,102.14,1.76,105.14,1.34,103.82,103.66175137794119
2022-04-19 23:58:00,99.23,-4.59,99.12,-3.02,103.79,-1.35,99.23,103.63548676047064
2022-04-20 23:58:00,99.74,0.51,98.41,-0.71,100.79,-3.0,99.74,99.37349503349247
2022-04-21 23:58:00,101.1,1.36,99.9,1.49,102.09,1.3,101.1,100.01265756710998
2022-04-22 23:58:00,98.93,-2.17,97.89,-2.01,100.49,-1.6,98.93,100.90461674851046
2022-04-25 23:58:00,96.07,-2.86,93.92,-3.97,97.89,-2.6,96.07,99.28297950101305
2022-04-26 23:58:00,97.61,1.54,95.45,1.53,98.58,0.69,97.61,96.63500587464688
2022-04-27 23:58:00,97.92,0.31,96.54,1.09,98.44,-0.14,97.92,97.66878962052937
2022-04-28 23:58:00,98.79,0.87,96.39,-0.15,99.05,0.61,98.79,97.7251462487254
2022-04-29 23:58:00,98.14,-0.65,97.6,1.21,100.46,1.41,98.14,98.3250075162223
2022-05-02 23:58:00,98.78,0.64,95.83,-1.77,99.5,-0.96,98.78,98.4740044744718
2022-05-03 23:58:00,97.45,-1.33,97.09,1.26,99.09,-0.41,97.45,98.67152903719501
2022-05-04 23:58:00,101.73,4.28,98.52,1.43,101.92,2.83,101.73,97.71921058549493
2022-05-05 23:58:00,102.0,0.27,100.62,2.1,104.11,2.19,102.0,101.49147760774086
2022-05-06 23:58:00,103.61,1.61,101.0,0.38,103.99,-0.12,103.61,102.11067710820423
2022-05-09 23:58:00,98.55,-5.06,97.89,-3.11,104.06,0.07,98.55,103.27631377900556
2022-05-10 23:58:00,95.84,-2.71,95.59,-2.3,99.01,-5.05,95.84,98.72918189319924
2022-05-11 23:58:00,100.08,4.24,95.23,-0.36,100.49,1.48,100.08,96.4748004444881
2022-05-12 23:58:00,99.64,-0.44,98.19,2.96,100.44,-0.05,99.64,99.60454557258029
2022-05-13 23:58:00,102.24,2.6,99.86,1.67,102.28,1.84,102.24,99.76939137273779
2022-05-16 23:58:00,103.37,1.13,103.3,3.44,103.3,1.02,103.37,102.17279797787384
2022-05-17 23:58:00,101.61,-1.76,101.04,-2.26,104.31,1.01,101.61,103.4040725618239
2022-05-18 23:58:00,98.76,-2.85,98.29,-2.75,103.02,-1.29,98.76,101.64265111808669
2022-05-19 23:58:00,101.24,2.48,96.9,-1.39,101.38,-1.64,101.24,98.7341040355512
2022-05-20 23:58:00,101.04,-0.2,100.11,3.21,101.62,0.24,101.04,101.2746846926005
2022-05-23 23:58:00,102.01,0.97,100.72,0.61,102.33,0.71,102.01,100.99167101853867
2022-05-24 23:58:00,102.28,0.27,100.69,-0.03,103.24,0.91,102.28,102.03006236874825
2022-05-25 23:58:00,103.01,0.73,102.3,1.61,103.37,0.13,103.01,102.45981195893938
2022-05-26 23:58:00,105.44,2.43,102.91,0.61,105.88,2.51,105.44,103.11604247023818
2022-05-27 23:58:00,106.2,0.76,104.15,1.24,106.33,0.45,106.2,105.01458640587377
2022-05-31 23:58:00,105.67,-0.53,105.33,1.18,109.8,3.47,105.67,105.72159718189299
2022-06-01 23:58:00,106.81,1.14,105.83,0.5,107.95,-1.85,106.81,105.98916472610777
2022-06-02 23:58:00,108.37,1.56,104.07,-1.76,108.91,0.96,108.37,106.64426137726728
2022-06-03 23:58:00,110.13,1.76,107.43,3.36,111.42,2.51,110.13,108.3113744066353
2022-06-06 23:58:00,110.26,0.13,111.07,3.64,111.07,-0.35,110.26,110.13532061826027
2022-06-07 23:58:00,111.85,1.59,110.31,-0.76,112.49,1.42,111.85,110.41337347883913
2022-06-08 23:58:00,114.19,2.34,112.0,1.69,115.06,2.57,114.19,111.5232877282235
2022-06-09 23:58:00,113.78,-0.41,113.39,1.39,114.53,-0.53,113.78,113.54682649272979
2022-06-10 23:58:00,112.24,-1.54,110.3,-3.09,114.12,-0.41,112.24,114.06748856294516
2022-06-13 23:58:00,112.13,-0.11,109.28,-1.02,113.35,-0.77,112.13,112.36884487327701
2022-06-14 23:58:00,110.72,-1.41,109.21,-0.07,113.98,0.63,110.72,112.2899027691546
2022-06-15 23:58:00,108.92,-1.8,108.63,-0.58,110.97,-3.01,108.92,111.1022399743818
2022-06-16 23:58:00,110.41,1.49,107.19,-1.44,110.65,-0.32,110.41,109.32998120949878
2022-06-17 23:58:00,104.24,-6.17,103.39,-3.8,111.06,0.41,104.24,110.12295461313687
2022-06-21 23:58:00,105.25,1.01,103.65,0.26,106.74,-4.32,105.25,104.54783961709322
2022-06-22 23:58:00,102.43,-2.82,98.95,-4.7,104.81,-1.93,102.43,105.48532130033006
2022-06-23 23:58:00,99.53,-2.9,99.0,0.05,102.26,-2.55,99.53,102.69542154776273
2022-06-24 23:58:00,101.56,2.03,98.49,-0.51,102.46,0.2,101.56,100.01543741837824
2022-06-27 23:58:00,103.19,1.63,100.41,1.92,103.8,1.34,103.19,101.59580572145964
2022-06-28 23:58:00,106.11,2.92,103.77,3.36,106.33,2.53,106.11,103.17991355533722
2022-06-29 23:58:00,104.36,-1.75,103.91,0.14,107.79,1.46,104.36,105.61716428583121
2022-06-30 23:58:00,100.58,-3.78,100.25,-3.66,104.99,-2.8,100.58,104.15329474751141
2022-07-01 23:58:00,102.16,1.58,99.8,-0.45,103.0,-1.99,102.16,101.2908970105563
2022-07-05 23:58:00,93.3,-8.86,91.88,-7.92,104.51,1.51,93.3,101.98889237302029
2022-07-06 23:58:00,91.82,-1.48,89.87,-2.01,95.57,-8.94,91.82,94.39983484679881
2022-07-07 23:58:00,95.54,3.72,90.79,0.92,96.58,1.01,95.54,92.31457869499985
2022-07-08 23:58:00,98.09,2.55,95.46,4.67,98.45,1.87,98.09,95.34846574844421
2022-07-11 23:58:00,98.52,0.43,95.24,-0.22,98.69,0.24,98.52,97.61813768034106
2022-07-12 23:58:00,91.69,-6.83,91.19,-4.05,97.62,-1.07,91.69,98.07313770744149
2022-07-13 23:58:00,92.18,0.49,90.56,-0.63,93.16,-4.46,92.18,92.71344692007408
2022-07-14 23:58:00,90.93,-1.25,91.61,1.05,91.61,-1.55,90.93,92.16490350590654
2022-07-15 23:58:00,92.51,1.58,90.19,-1.42,93.65,2.04,92.51,91.20069831045333
2022-07-18 23:58:00,96.7,4.19,91.29,1.1,97.02,3.37,96.7,92.57197472731525
2022-07-19 23:58:00,97.48,0.78,94.5,3.21,97.68,0.66,97.48,96.40806555239347
2022-07-20 23:58:00,97.36,-0.12,95.67,1.17,97.69,0.01,97.36,97.19385384057001
2022-07-21 23:58:00,95.05,-2.31,93.08,-2.59,96.95,-0.74,95.05,96.9949743005389
2022-07-22 23:58:00,94.04,-1.01,93.5,0.42,96.2,-0.75,94.04,95.57977253099
2022-07-25 23:58:00,95.92,1.88,92.71,-0.79,96.04,-0.16,95.92,94.13684106700131
2022-07-26 23:58:00,95.34,-0.58,94.92,2.21,97.81,1.77,95.34,95.8549873406534
2022-07-27 23:58:00,97.75,2.41,98.72,3.8,98.73,0.92,97.75,95.60489758872156
2022-07-28 23:58:00,97.74,-0.01,97.01,-1.71,100.2,1.47,97.74,97.67863386856646
2022-07-29 23:58:00,99.62,1.88,97.96,0.95,101.8,1.6,99.62,97.5662633339303
2022-08-01 23:58:00,96.47,-3.15,95.0,-2.96,99.51,-2.29,96.47,99.04501016834811
2022-08-02 23:58:00,97.28,0.81,95.14,0.14,98.47,-1.04,97.28,97.06985390355506
2022-08-03 23:58:00,94.06,-3.22,94.01,-1.13,99.0,0.53,94.06,97.18219073062997
2022-08-04 23:58:00,91.31,-2.75,90.45,-3.56,94.8,-4.2,91.31,94.54062870439553
2022-08-05 23:58:00,91.92,0.61,89.86,-0.59,93.22,-1.58,91.92,91.8769690807448
2022-08-08 23:58:00,93.9,1.98,90.56,0.7,94.0,0.78,93.9,92.08245555741709
2022-08-09 23:58:00,93.64,-0.26,92.27,1.71,95.53,1.53,93.64,93.53091670502172
2022-08-10 23:58:00,95.18,1.54,91.43,-0.84,95.47,-0.06,95.18,93.28132161463951
2022-08-11 23:58:00,97.15,1.97,94.67,3.24,97.7,2.23,97.15,95.28222790617858
2022-08-12 23:58:00,95.78,-1.37,94.86,0.19,97.72,0.02,95.78,96.86780645422574
2022-08-15 23:58:00,93.4,-2.38,90.93,-3.93,95.5,-2.22,93.4,96.03433612659016
2022-08-16 23:58:00,91.06,-2.34,91.02,0.09,91.02,-4.48,91.06,93.90064111450366
2022-08-17 23:58:00,92.3,1.24,90.34,-0.68,92.99,1.97,92.3,91.54321776151609
2022-08-18 23:58:00,94.68,2.38,91.8,1.46,95.43,2.44,94.68,92.04890946057319
2022-08-19 23:58:00,95.14,0.46,92.7,0.9,96.0,0.57,95.14,94.04078881654652
2022-08-22 23:58:00,94.88,-0.26,95.47,2.77,95.47,-0.53,94.88,95.33115579255427
2022-08-23 23:58:00,98.0,3.12,95.14,-0.33,98.18,2.71,98.0,94.85574993289211
2022-08-24 23:58:00,99.11,1.11,97.26,2.12,99.59,1.41,99.11,97.7835878043431
2022-08-25 23:58:00,97.25,-1.86,97.05,-0.21,100.18,0.59,97.25,99.17007147498359
2022-08-26 23:58:00,97.35,0.1,95.65,-1.4,98.59,-1.59,97.35,97.63081918121901
2022-08-29 23:58:00,100.94,3.59,96.61,0.96,101.09,2.5,100.94,97.21432595827702
2022-08-30 23:58:00,96.46,-4.48,96.96,0.35,96.96,-4.13,96.46,100.17903397910882
2022-08-31 23:58:00,94.21,-2.25,93.28,-3.68,97.53,0.57,94.21,97.18710818122955
2022-09-01 23:58:00,91.32,-2.89,90.86,-2.42,90.86,-6.67,91.32,94.46672157503357
2022-09-02 23:58:00,91.81,0.49,90.86,0.0,94.0,3.14,91.81,91.80335735996442
2022-09-06 23:58:00,91.97,0.16,91.38,0.52,95.5,1.5,91.97,92.01687463513503
2022-09-07 23:58:00,87.21,-4.76,86.55,-4.83,92.74,-2.76,87.21,92.14245611953746
2022-09-08 23:58:00,88.25,1.04,87.36,0.81,87.36,-5.38,88.25,87.59174586702163
2022-09-09 23:58:00,91.71,3.46,87.36,0.0,91.96,4.6,91.71,87.83023516464385
2022-09-12 23:58:00,92.93,1.22,90.25,2.89,93.92,1.96,92.93,91.59186385359989
2022-09-13 23:58:00,92.22,-0.71,90.18,-0.07,94.29,0.37,92.22,92.7067199475794
2022-09-14 23:58:00,93.12,0.9,93.42,3.24,93.42,-0.87,93.12,92.4074749055537
2022-09-15 23:58:00,89.61,-3.51,89.5,-3.92,89.5,-3.92,89.61,93.24835654883834
2022-09-16 23:58:00,90.05,0.44,89.01,-0.49,91.26,1.76,90.05,90.18195079240128
2022-09-19 23:58:00,90.66,0.61,87.24,-1.77,91.08,-0.18,90.66,89.89776675811908
2022-09-20 23:58:00,89.4,-1.26,89.59,2.35,89.59,-1.49,89.4,90.22866916501157
2022-09-21 23:58:00,88.8,-0.6,88.31,-1.28,92.19,2.6,88.8,89.8056015118394
2022-09-22 23:58:00,89.53,0.73,88.28,-0.03,91.74,-0.45,89.53,88.83742311683856
2022-09-23 23:58:00,85.03,-4.5,84.47,-3.81,89.78,-1.96,85.03,89.58629707503484
2022-09-26 23:58:00,82.86,-2.17,82.43,-2.04,86.45,-3.33,82.86,85.7444283868251
2022-09-27 23:58:00,84.87,2.01,82.65,0.22,85.84,-0.61,84.87,83.34808839859926
2022-09-28 23:58:00,88.05,3.18,82.95,0.3,88.21,2.37,88.05,84.53380112957498
2022-09-29 23:58:00,87.18,-0.87,86.18,3.23,88.74,0.53,87.18,87.31233471528334
2022-09-30 23:58:00,85.14,-2.04,84.99,-1.19,88.63,-0.11,85.14,87.50814548711037
2022-10-03 23:58:00,88.86,3.72,88.89,3.9,88.89,0.26,88.86,85.32898425388716
2022-10-04 23:58:00,91.8,2.94,88.69,-0.2,92.39,3.5,91.8,88.60056632798099
2022-10-05 23:58:00,93.37,1.57,90.9,2.21,93.97,1.58,93.37,91.65172790505922
2022-10-06 23:58:00,94.42,1.05,92.73,1.83,95.01,1.04,94.42,93.34611190051423
2022-10-07 23:58:00,97.92,3.5,93.93,1.2,98.59,3.58,97.92,94.13363655347752
2022-10-10 23:58:00,96.19,-1.73,96.15,2.22,96.15,-2.44,96.19,97.15228323930756
2022-10-11 23:58:00,94.29,-1.9,93.11,-3.04,96.45,0.3,94.29,96.61046392785006
2022-10-12 23:58:00,92.45,-1.84,91.58,-1.53,95.17,-1.28,92.45,94.47368045824567
2022-10-13 23:58:00,94.57,2.12,94.75,3.17,94.75,-0.42,94.57,92.80843706990419
2022-10-14 23:58:00,91.63,-2.94,91.27,-3.48,95.11,0.36,91.63,94.5816679298298
2022-10-17 23:58:00,91.62,-0.01,90.84,-0.43,93.23,-1.88,91.62,92.12556772582428
2022-10-18 23:58:00,90.03,-1.59,88.77,-2.07,92.65,-0.58,90.03,91.50932565215436
2022-10-19 23:58:00,92.41,2.38,89.38,0.61,92.84,0.19,92.41,89.84800657275915
2022-10-20 23:58:00,92.38,-0.03,91.92,2.54,94.77,1.93,92.38,92.43844474694659
2022-10-21 23:58:00,93.5,1.12,91.02,-0.9,93.8,-0.97,93.5,92.31206715359293
2022-10-24 23:58:00,93.26,-0.24,91.21,0.19,94.44,0.64,93.26,93.50119667670369
2022-10-25 23:58:00,93.52,0.26,91.63,0.42,94.37,-0.07,93.52,93.49444276197478
2022-10-26 23:58:00,95.69,2.17,92.04,0.41,96.19,1.82,95.69,93.6843992460513
2022-10-27 23:58:00,96.96,1.27,95.08,3.04,97.28,1.09,96.96,95.29999848768477
2022-10-28 23:58:00,82.78,-14.18,82.0,-13.08,83.7,-13.58,82.78,96.42880685281973
2022-10-31 23:58:00,82.29,-0.49,81.19,-0.81,82.94,-0.76,82.29,84.6116359204693
2022-11-01 23:58:00,83.35,1.06,83.35,2.16,83.86,0.92,83.35,82.473810825173
2022-11-02 23:58:00,85.03,1.68,83.29,-0.06,85.1,1.24,85.03,83.3858731496496
2022-11-03 23:58:00,83.91,-1.12,83.45,0.16,84.76,-0.34,83.91,85.05473079820574
2022-11-04 23:58:00,86.73,2.82,85.14,1.69,87.0,2.24,86.73,84.20457499748076
2022-11-07 23:58:00,86.46,-0.27,85.47,0.33,87.25,0.25,86.46,86.282176386977
2022-11-08 23:58:00,84.84,-1.62,84.84,-0.63,86.86,-0.39,84.84,86.09367530984498
2022-11-09 23:58:00,82.57,-2.27,82.26,-2.58,84.87,-1.99,82.57,85.29287662835928
2022-11-10 23:58:00,82.83,0.26,81.94,-0.32,83.33,-1.54,82.83,82.79844241586352
2022-11-11 23:58:00,84.66,1.83,82.96,1.02,84.95,1.62,84.66,82.95982485037078
2022-11-14 23:58:00,83.34,-1.32,83.12,0.16,85.26,0.31,83.34,84.67849631976041
2022-11-15 23:58:00,84.74,1.4,83.19,0.07,86.0,0.74,84.74,83.65612830661972
2022-11-16 23:58:00,83.38,-1.36,82.87,-0.32,85.18,-0.82,83.38,84.45252603607005
2022-11-17 23:58:00,81.79,-1.59,81.19,-1.68,83.25,-1.93,81.79,83.15275662416794
2022-11-18 23:58:00,81.14,-0.65,79.81,-1.38,82.47,-0.78,81.14,82.25501016957752
2022-11-21 23:58:00,81.76,0.62,78.54,-1.27,81.9,-0.57,81.76,81.18959310027563
2022-11-22 23:58:00,82.06,0.3,81.62,3.08,82.8,0.9,82.06,81.82988652113583
2022-11-23 23:58:00,80.97,-1.09,79.94,-1.68,82.25,-0.55,80.97,82.24201706486487
2022-11-25 13:00:00,80.0,-0.97,80.0,0.06,82.35,0.1,80.0,81.27873356147128
2022-11-28 23:58:00,80.49,0.49,78.08,-1.92,80.86,-1.49,80.49,79.9753279217431
2022-11-29 23:58:00,81.11,0.62,80.26,2.18,81.93,1.07,81.11,80.08620632407914
2022-11-30 23:58:00,83.52,2.41,81.39,1.13,83.55,1.62,83.52,81.30954477797187
2022-12-01 23:58:00,83.3,-0.22,82.94,1.55,84.47,0.92,83.3,83.19968848710377
2022-12-02 23:58:00,82.87,-0.43,82.22,-0.72,83.57,-0.9,82.87,83.42217708250826
2022-12-05 23:58:00,80.82,-2.05,80.75,-1.47,84.69,1.12,80.82,83.13903432316918
2022-12-06 23:58:00,78.36,-2.46,77.94,-2.81,81.13,-3.56,78.36,81.24519741590629
2022-12-07 23:58:00,76.64,-1.72,76.44,-1.5,79.05,-2.08,76.64,78.51402122829666
2022-12-08 23:58:00,75.88,-0.76,75.38,-1.06,77.5,-1.55,75.88,76.50191009162627
2022-12-09 23:58:00,75.89,0.01,75.1,-0.28,76.57,-0.93,75.89,76.2626028931274
2022-12-12 23:58:00,77.23,1.34,75.06,-0.04,77.58,1.01,77.23,75.85701221270695
2022-12-13 23:58:00,78.58,1.35,77.08,2.02,79.03,1.45,78.58,77.21061228475027
2022-12-14 23:58:00,79.83,1.25,78.17,1.09,80.05,1.02,79.83,78.63529109668002
2022-12-15 23:58:00,78.21,-1.62,78.04,-0.13,79.34,-0.71,78.21,79.86434991282502
2022-12-16 23:58:00,77.06,-1.15,76.28,-1.76,78.38,-0.96,77.06,78.22710921332084
2022-12-19 23:58:00,77.29,0.23,76.8,0.52,78.03,-0.35,77.29,76.84327748561157
2022-12-20 23:58:00,77.91,0.62,76.67,-0.13,78.31,0.28,77.91,77.55373467895103
2022-12-21 23:58:00,79.22,1.31,78.45,1.78,79.43,1.12,79.22,77.79593733325464
2022-12-22 23:58:00,78.32,-0.9,78.2,-0.25,80.18,0.75,78.32,79.19493102487392
2022-12-23 23:58:00,80.96,2.64,78.83,0.63,80.97,0.79,80.96,78.62493551152001
2022-12-27 23:58:00,81.23,0.27,80.75,1.92,82.19,1.22,81.23,80.86750366326218
2022-12-28 23:58:00,80.68,-0.55,79.66,-1.09,81.22,-0.97,80.68,81.02276746059277
2022-12-29 23:58:00,79.81,-0.87,79.06,-0.6,79.92,-1.3,79.81,80.37158270825994
2022-12-30 23:58:00,81.65,1.84,79.45,0.39,81.9,1.98,81.65,80.18589244127682
2023-01-03 23:58:00,79.05,-2.6,79.0,-0.45,81.85,-0.05,79.05,81.41270767906522
2023-01-04 23:58:00,76.25,-2.8,76.24,-2.76,79.56,-2.29,76.25,79.44614840449934
2023-01-05 23:58:00,76.91,0.66,76.1,-0.14,77.66,-1.9,76.91,76.81313367115334
2023-01-06 23:58:00,77.02,0.11,76.58,0.48,78.35,0.69,77.02,77.06646725803698
2023-01-09 23:58:00,78.2,1.18,77.15,0.57,79.14,0.79,78.2,76.85825809059959
2023-01-10 23:58:00,78.25,0.05,77.7,0.55,78.79,-0.35,78.25,77.70420809401229
2023-01-11 23:58:00,80.16,1.91,77.84,0.14,80.33,1.54,80.16,78.50271480391886
2023-01-12 23:58:00,81.17,1.01,79.77,1.93,81.55,1.22,81.17,79.90121976203733
2023-01-13 23:58:00,82.25,1.08,80.7,0.93,82.37,0.82,82.25,81.16220369544975
2023-01-17 23:58:00,82.48,0.23,81.25,0.55,83.09,0.72,82.48,82.336613630869
2023-01-18 23:58:00,82.06,-0.42,81.64,0.39,83.98,0.89,82.06,82.63129265098483
2023-01-19 23:58:00,82.93,0.87,81.3,-0.34,83.4,-0.58,82.93,81.95663648979114
2023-01-20 23:58:00,84.01,1.08,82.84,1.54,84.01,0.61,84.01,82.47518427360757
2023-01-23 23:58:00,84.55,0.54,83.66,0.82,84.76,0.75,84.55,84.15270179067909
2023-01-24 23:58:00,83.04,-1.51,83.0,-0.66,84.66,-0.1,83.04,84.43137307815432
2023-01-25 23:58:00,82.79,-0.25,82.39,-0.61,83.58,-1.08,82.79,83.32810302862197
2023-01-26 23:58:00,83.42,0.63,82.6,0.21,84.1,0.52,83.42,83.05746881737618
2023-01-27 23:58:00,82.16,-1.26,81.9,-0.7,84.23,0.13,82.16,83.546916308765
2023-01-30 23:58:00,80.6,-1.56,80.42,-1.48,82.79,-1.44,80.6,82.14736152538096
2023-01-31 23:58:00,81.79,1.19,79.75,-0.67,81.89,-0.9,81.79,80.42557445079044
2023-02-01 23:58:00,79.56,-2.23,79.4,-0.35,82.06,0.17,79.56,81.95165495895885
2023-02-02 23:58:00,79.33,-0.23,79.06,-0.34,80.12,-1.94,79.33,79.7515993225503
2023-02-03 23:58:00,77.03,-2.3,76.8,-2.26,80.84,0.72,77.03,79.51023127443203
2023-02-06 23:58:00,77.97,0.94,76.31,-0.49,78.02,-2.82,77.97,77.51349939445359
2023-02-07 23:58:00,80.13,2.16,78.54,2.23,80.45,2.43,80.13,78.08646371575428
2023-02-08 23:58:00,81.2,1.07,79.94,1.4,81.22,0.77,81.2,79.73577876824653
2023-02-09 23:58:00,80.57,-0.63,79.96,0.02,81.25,0.03,80.57,80.69058424174405
2023-02-10 23:58:00,82.17,1.6,80.15,0.19,82.45,1.2,82.17,80.8968384411602
2023-02-13 23:58:00,82.53,0.36,81.32,1.17,82.64,0.19,82.53,81.95394734725808
2023-02-14 23:58:00,81.94,-0.59,80.89,-0.43,82.23,-0.41,81.94,82.59925851129934
2023-02-15 23:58:00,81.7,-0.24,80.48,-0.41,82.0,-0.23,81.7,82.22094542609457
2023-02-16 23:58:00,81.55,-0.15,81.18,0.7,82.08,0.08,81.55,81.92518889197386
2023-02-17 23:58:00,79.74,-1.81,78.92,-2.26,80.92,-1.16,79.74,81.42482309748662
2023-02-21 23:58:00,79.87,0.13,79.5,0.58,80.61,-0.31,79.87,79.58086484535492
2023-02-22 23:58:00,78.1,-1.77,78.0,-1.5,79.87,-0.74,78.1,80.15126374108289
2023-02-23 23:58:00,79.2,1.1,78.07,0.07,79.35,-0.52,79.2,78.25373626856239
2023-02-24 23:58:00,79.82,0.62,78.02,-0.05,79.92,0.57,79.82,79.22807847182331
2023-02-27 23:58:00,78.98,-0.84,78.51,0.49,80.06,0.14,78.98,79.96177174114192
2023-02-28 23:58:00,79.95,0.97,78.86,0.35,80.5,0.44,79.95,79.25644841843481
2023-03-01 23:58:00,80.75,0.8,79.35,0.49,80.75,0.25,80.75,79.70594288152847
2023-03-02 23:58:00,81.19,0.44,80.44,1.09,81.24,0.49,81.19,80.28732075198398
2023-03-03 23:58:00,82.36,1.17,79.43,-1.01,82.45,1.21,82.36,81.40301681016405
2023-03-06 23:58:00,82.79,0.43,81.26,1.83,82.88,0.43,82.79,82.17911711715952
2023-03-07 23:58:00,80.34,-2.45,80.16,-1.1,83.23,0.35,80.34,82.8553842045769
2023-03-08 23:58:00,79.73,-0.61,79.28,-0.88,80.6,-2.63,79.73,80.8274095964637
2023-03-09 23:58:00,78.67,-1.06,78.43,-0.85,80.65,0.05,78.67,80.019311275856
2023-03-10 23:58:00,79.61,0.94,77.98,-0.45,79.87,-0.78,79.61,78.65317856575493
2023-03-13 23:58:00,77.98,-1.63,75.8,-2.18,79.85,-0.02,77.98,79.15702432040337
2023-03-14 23:58:00,75.12,-2.86,74.61,-1.19,77.46,-2.39,75.12,78.42435043105036
2023-03-15 23:58:00,71.81,-3.31,70.17,-4.44,75.99,-1.47,71.81,75.41312204238666
2023-03-16 23:58:00,72.77,0.96,70.38,0.21,73.21,-2.78,72.77,72.34412456690295
2023-03-17 23:58:00,71.6,-1.17,70.45,0.07,74.06,0.85,71.6,72.93024170136091
2023-03-20 23:58:00,72.43,0.83,69.58,-0.87,72.46,-1.6,72.43,71.91521010678717
2023-03-21 23:58:00,73.51,1.08,71.76,2.18,73.65,1.19,73.51,72.20582725251906
2023-03-22 23:58:00,74.69,1.18,72.94,1.18,74.82,1.17,74.69,73.01838706071332
2023-03-23 23:58:00,74.02,-0.67,73.42,0.48,75.22,0.4,74.02,74.81748528173868
2023-03-24 23:58:00,73.26,-0.76,71.37,-2.05,73.93,-1.29,73.26,74.03427355503518
2023-03-27 23:58:00,76.21,2.95,72.99,1.62,76.39,2.46,76.21,73.47946061277875
2023-03-28 23:58:00,76.41,0.2,75.84,2.85,76.89,0.5,76.41,76.11388484728997
2023-03-29 23:58:00,75.9,-0.51,75.65,-0.19,77.05,0.16,75.9,76.54430403064217
2023-03-30 23:58:00,76.79,0.89,75.8,0.15,76.98,-0.07,76.79,75.8047578378854
2023-03-31 23:58:00,77.91,1.12,76.16,0.36,77.91,0.93,77.91,76.33386296720393
2023-04-03 23:58:00,81.5,3.59,80.44,4.28,82.59,4.68,81.5,78.0481054386327
2023-04-04 23:58:00,81.47,-0.03,80.58,0.14,82.37,-0.22,81.47,81.04159829497257
2023-04-05 23:58:00,81.55,0.08,80.82,0.24,81.96,-0.41,81.55,81.55568231296193
2023-04-06 23:58:00,81.48,-0.07,80.84,0.02,81.68,-0.28,81.48,81.7582455626358
2023-04-10 23:58:00,80.81,-0.67,80.7,-0.14,81.82,0.14,80.81,81.67819243451949
2023-04-11 23:58:00,82.02,1.21,80.49,-0.21,82.04,0.22,82.02,80.73966183064589
2023-04-12 23:58:00,83.34,1.32,81.84,1.35,83.44,1.4,83.34,81.53103827739727
2023-04-13 23:58:00,82.62,-0.72,82.62,0.78,83.51,0.07,82.62,83.45220743522627
2023-04-14 23:58:00,82.86,0.24,82.22,-0.4,83.2,-0.31,82.86,82.63813583218652
2023-04-17 23:58:00,81.72,-1.14,81.46,-0.76,82.8,-0.4,81.72,82.96865629621236
2023-04-18 23:58:00,81.79,0.07,81.18,-0.28,82.37,-0.43,81.79,82.06650645511543
2023-04-19 23:58:00,80.31,-1.48,79.79,-1.39,81.66,-0.71,80.31,81.98799898563756
2023-04-20 23:58:00,78.52,-1.79,78.27,-1.52,79.73,-1.93,78.52,80.32973980761581
2023-04-21 23:58:00,79.34,0.82,78.0,-0.27,79.41,-0.32,79.34,78.37475982509606
2023-04-24 23:58:00,80.36,1.02,78.35,0.35,80.49,1.08,80.36,79.5460579014996
2023-04-25 23:58:00,78.38,-1.98,78.11,-0.24,80.54,0.05,78.38,80.19502813606645
2023-04-26 23:58:00,76.03,-2.35,75.83,-2.28,79.11,-1.43,76.03,78.71522784848165
2023-04-27 23:58:00,76.22,0.19,75.52,-0.31,76.45,-2.66,76.22,76.5363019696123
2023-04-28 23:58:00,78.08,1.86,75.66,0.14,78.1,1.65,78.08,76.42242559424002
2023-05-01 23:58:00,77.09,-0.99,76.22,0.56,77.44,-0.66,77.09,77.72871083789722
2023-05-02 23:58:00,73.58,-3.51,73.46,-2.76,77.16,-0.28,73.58,76.81450166442785
2023-05-03 23:58:00,71.15,-2.43,70.66,-2.8,73.63,-3.53,71.15,74.25321173074049
2023-05-04 23:58:00,71.12,-0.03,70.0,-0.66,72.11,-1.52,71.12,71.42074858263004
2023-05-05 23:58:00,73.69,2.57,71.4,1.4,73.8,1.69,73.69,71.2867885656353
2023-05-08 23:58:00,75.36,1.67,73.69,2.29,75.51,1.71,75.36,73.63029482585662
2023-05-09 23:58:00,75.88,0.52,73.76,0.07,75.9,0.39,75.88,75.33484016274912
2023-05-10 23:58:00,75.0,-0.88,75.26,1.5,75.26,-0.64,75.0,75.65244908826342
2023-05-11 23:58:00,73.41,-1.59,73.21,-2.05,75.7,0.44,73.41,74.72602981901132
2023-05-12 23:58:00,72.51,-0.9,72.47,-0.74,74.1,-1.6,72.51,73.86981254953353
2023-05-15 23:58:00,73.64,1.13,72.0,-0.47,74.04,-0.06,73.64,72.58682342876767
2023-05-16 23:58:00,73.35,-0.29,73.21,1.21,74.13,0.09,73.35,73.6561861421517
2023-05-17 23:58:00,75.46,2.11,72.77,-0.44,75.53,1.4,75.46,73.59167179095486
2023-05-18 23:58:00,74.66,-0.8,74.66,1.89,75.47,-0.06,74.66,75.41942057421397
2023-05-19 23:58:00,74.17,-0.49,73.82,-0.84,76.01,0.54,74.17,74.57756270457163
2023-05-22 23:58:00,74.47,0.3,73.29,-0.53,74.81,-1.2,74.47,73.86879014043356
2023-05-23 23:58:00,75.33,0.86,74.14,0.85,76.04,1.23,75.33,74.71655042690043
2023-05-24 23:58:00,76.73,1.4,75.56,1.42,76.84,0.8,76.73,75.18732971378196
2023-05-25 23:58:00,74.74,-1.99,73.72,-1.84,76.74,-0.1,74.74,76.69173782556491
2023-05-26 23:58:00,75.64,0.9,74.53,0.81,75.84,-0.9,75.64,75.16471299175655
2023-05-30 23:58:00,72.64,-3.0,72.33,-2.2,76.34,0.5,72.64,75.7543740300824
2023-05-31 23:58:00,71.63,-1.01,70.8,-1.53,72.73,-3.61,71.63,72.8195134555045
2023-06-01 23:58:00,73.3,1.67,73.6,2.8,73.6,0.87,73.3,71.41576960464722
2023-06-02 23:58:00,74.95,1.65,73.6,0.0,75.23,1.63,74.95,73.40383499796815
2023-06-05 23:58:00,75.26,0.31,74.91,1.31,77.55,2.32,75.26,74.70358010376141
2023-06-06 23:58:00,74.87,-0.39,73.52,-1.39,75.3,-2.25,74.87,75.33144233514001
2023-06-07 23:58:00,75.67,0.8,74.35,0.83,76.17,0.87,75.67,75.1289415577145
2023-06-08 23:58:00,74.71,-0.96,72.68,-1.67,76.27,0.1,74.71,75.77705800758906
2023-06-09 23:58:00,73.87,-0.84,73.86,1.18,75.26,-1.01,73.87,74.66178243249557
2023-06-12 23:58:00,71.17,-2.7,71.01,-2.85,73.6,-1.66,71.17,73.6115284220428
2023-06-13 23:58:00,73.5,2.33,71.38,0.37,73.78,0.18,73.5,71.75500619217391
2023-06-14 23:58:00,72.46,-1.04,72.32,0.94,74.44,0.66,72.46,73.23146359034308
2023-06-15 23:58:00,74.91,2.45,72.17,-0.15,75.13,0.69,74.91,72.67914804446804
2023-06-16 23:58:00,75.78,0.87,74.46,2.29,75.85,0.72,75.78,74.86946705901775
2023-06-20 23:58:00,74.99,-0.79,73.89,-0.57,76.02,0.17,74.99,75.84595990047428
2023-06-21 23:58:00,76.23,1.24,74.68,0.79,76.23,0.21,76.23,74.91830115891791
2023-06-22 23:58:00,73.79,-2.44,73.33,-1.35,76.18,-0.05,73.79,75.73754991019658
2023-06-23 23:58:00,73.56,-0.23,72.05,-1.28,73.6,-2.58,73.56,74.3200590243405
2023-06-26 23:58:00,73.91,0.35,73.19,1.14,74.49,0.89,73.91,73.570110481065
2023-06-27 23:58:00,72.47,-1.44,72.38,-0.81,74.52,0.03,72.47,74.00552786559133
2023-06-28 23:58:00,74.11,1.64,72.15,-0.23,74.21,-0.31,74.11,72.84841632184916
2023-06-29 23:58:00,74.2,0.09,73.43,1.28,74.8,0.59,74.2,74.13691114044917
2023-06-30 23:58:00,74.91,0.71,74.08,0.65,75.23,0.43,74.91,74.02607174860597
2023-07-03 13:00:00,73.94,-0.97,73.88,-0.2,75.88,0.65,73.94,74.46513251184665
2023-07-05 23:58:00,75.78,1.84,74.26,0.38,76.04,0.16,75.78,74.31183793556532
2023-07-06 23:58:00,75.47,-0.31,74.19,-0.07,76.0,-0.04,75.47,75.54225667330189
2023-07-07 23:58:00,77.17,1.7,75.21,1.02,77.18,1.18,77.17,75.61137250686772
2023-07-10 23:58:00,76.61,-0.56,76.29,1.08,77.52,0.34,76.61,77.20424123724538
2023-07-11 23:58:00,78.23,1.62,76.73,0.44,78.29,0.77,78.23,76.84334185501733
2023-07-12 23:58:00,78.98,0.75,78.08,1.35,79.24,0.95,78.98,77.9088459245791
2023-07-13 23:58:00,80.1,1.12,78.86,0.78,80.37,1.13,80.1,78.5143066436022
2023-07-14 23:58:00,78.81,-1.29,78.54,-0.32,80.3,-0.07,78.81,80.23704246277404
2023-07-17 23:58:00,77.79,-1.02,77.71,-0.83,79.37,-0.93,77.79,78.89430167626364
2023-07-18 23:58:00,78.92,1.13,77.68,-0.03,79.15,-0.22,78.92,78.04617094169838
2023-07-19 23:58:00,78.83,-0.09,78.63,0.95,80.0,0.85,78.83,79.03041406110964
2023-07-20 23:58:00,78.99,0.16,78.14,-0.49,79.55,-0.45,78.99,79.01953491062353
2023-07-21 23:58:00,80.17,1.18,79.2,1.06,80.33,0.78,80.17,78.82637465687593
2023-07-24 23:58:00,81.64,1.47,79.57,0.37,82.02,1.69,81.64,79.6739985921324
2023-07-25 23:58:00,82.3,0.66,81.18,1.61,82.5,0.48,82.3,81.73473929441604
2023-07-26 23:58:00,81.72,-0.58,81.41,0.23,82.34,-0.16,81.72,82.16268994688917
2023-07-27 23:58:00,82.84,1.12,81.75,0.34,83.13,0.79,82.84,81.90257726665635
2023-07-28 23:58:00,83.44,0.6,82.06,0.31,83.54,0.41,83.44,82.9433402844736
2023-07-31 23:58:00,84.46,1.02,82.99,0.93,84.59,1.05,84.46,83.5519966490325
2023-08-01 23:58:00,84.02,-0.44,83.65,0.66,84.46,-0.13,84.02,84.19208858563744
2023-08-02 23:58:00,82.41,-1.61,82.0,-1.65,84.98,0.52,82.41,83.69259742531743
2023-08-03 23:58:00,84.25,1.84,81.89,-0.11,84.5,-0.48,84.25,82.86609373829137
2023-08-04 23:58:00,85.32,1.07,84.2,2.31,85.61,1.11,85.32,84.02162877481928
2023-08-07 23:58:00,84.54,-0.78,84.31,0.11,85.72,0.11,84.54,85.308912176326
2023-08-08 23:58:00,85.24,0.7,82.74,-1.57,85.28,-0.44,85.24,84.8331426381106
2023-08-09 23:58:00,86.41,1.17,84.99,2.25,86.43,1.15,86.41,85.3619857195549
2023-08-10 23:58:00,85.38,-1.03,85.16,0.17,86.71,0.28,85.38,86.1265146165146
2023-08-11 23:58:00,85.59,0.21,84.98,-0.18,86.07,-0.64,85.59,85.11649309378299
2023-08-14 23:58:00,84.94,-0.65,84.45,-0.53,85.38,-0.69,84.94,85.85075534044321
2023-08-15 23:58:00,83.77,-1.17,83.23,-1.22,85.34,-0.04,83.77,84.96687302480322
2023-08-16 23:58:00,82.6,-1.17,82.51,-0.72,84.34,-1.0,82.6,84.0364680204824
2023-08-17 23:58:00,83.24,0.64,82.19,-0.32,83.97,-0.37,83.24,82.96739750654932
2023-08-18 23:58:00,83.94,0.7,82.53,0.34,84.13,0.16,83.94,83.37691941845128
2023-08-21 23:58:00,83.7,-0.24,83.63,1.1,84.97,0.84,83.7,83.71045569863378
2023-08-22 23:58:00,83.35,-0.35,83.14,-0.49,83.93,-1.04,83.35,83.35461836264616
2023-08-23 23:58:00,82.55,-0.8,81.46,-1.68,83.51,-0.42,82.55,83.66393909486304
2023-08-24 23:58:00,82.57,0.02,81.35,-0.11,82.85,-0.66,82.57,82.59947395345574
2023-08-25 23:58:00,83.56,0.99,81.91,0.56,83.92,1.07,83.56,82.70661362206734
2023-08-28 23:58:00,83.48,-0.08,83.16,1.25,84.27,0.35,83.48,83.6726879839541
2023-08-29 23:58:00,84.44,0.96,82.85,-0.31,84.55,0.28,84.44,83.66867551186625
2023-08-30 23:58:00,84.75,0.31,84.12,1.27,85.15,0.6,84.75,84.18729190745313
2023-08-31 23:58:00,86.23,1.48,84.63,0.51,86.27,1.12,86.23,84.34086309620518
2023-09-01 23:58:00,87.8,1.57,86.21,1.58,88.18,1.91,87.8,86.33328923410238
2023-09-05 23:58:00,89.35,1.55,87.39,1.18,90.38,2.2,89.35,87.56241810524432
2023-09-06 23:58:00,89.86,0.51,88.63,1.24,90.35,-0.03,89.86,89.28449534392425
2023-09-07 23:58:00,89.25,-0.61,88.82,0.19,90.15,-0.2,89.25,90.00359786130443
2023-09-08 23:58:00,90.03,0.78,88.64,-0.18,90.33,0.18,90.03,89.50106772969731
2023-09-11 23:58:00,90.04,0.01,89.53,0.89,90.84,0.51,90.04,89.8042541489543
2023-09-12 23:58:00,91.33,1.29,89.94,0.41,91.67,0.83,91.33,89.66723239746672
2023-09-13 23:58:00,91.2,-0.13,90.94,1.0,92.02,0.35,91.2,91.45846918301514
2023-09-14 23:58:00,92.94,1.74,91.34,0.4,93.4,1.38,92.94,91.15431666845188
2023-09-15 23:58:00,93.04,0.1,91.94,0.6,93.81,0.41,93.04,92.87470652666872
2023-09-18 23:58:00,93.29,0.25,92.68,0.74,93.9,0.09,93.29,93.22922726505173
2023-09-19 23:58:00,93.14,-0.15,92.98,0.3,94.58,0.68,93.14,93.4504820827849
2023-09-20 23:58:00,92.35,-0.79,91.69,-1.29,93.52,-1.06,92.35,93.0076255141753
2023-09-21 23:58:00,92.26,-0.09,91.12,-0.57,93.43,-0.09,92.26,92.07660561686603
2023-09-22 23:58:00,91.96,-0.3,91.6,0.48,93.38,-0.05,91.96,92.5530256908356
2023-09-25 23:58:00,91.88,-0.08,91.21,-0.39,92.73,-0.65,91.88,91.95153071074067
2023-09-26 23:58:00,92.43,0.55,90.43,-0.78,92.71,-0.02,92.43,92.02129175812075
2023-09-27 23:58:00,94.36,1.93,92.52,2.09,94.8,2.09,94.36,92.59215128109855
2023-09-28 23:58:00,93.1,-1.26,92.76,0.24,95.34,0.54,93.1,94.33059729525482
2023-09-29 23:58:00,92.2,-0.9,91.95,-0.81,94.14,-1.2,92.2,93.06997355347833
2023-10-02 23:58:00,90.71,-1.49,90.35,-1.6,93.32,-0.82,90.71,91.95022592738796
2023-10-03 23:58:00,90.92,0.21,89.52,-0.83,91.56,-1.76,90.92,91.16138058484424
2023-10-04 23:58:00,85.81,-5.11,85.73,-3.79,91.19,-0.37,85.81,90.87241584109867
2023-10-05 23:58:00,84.07,-1.74,83.84,-1.89,86.51,-4.68,84.07,86.50644757357864
2023-10-06 23:58:00,84.58,0.51,83.45,-0.39,84.96,-1.55,84.58,84.54862917291564
2023-10-09 23:58:00,88.15,3.57,86.07,2.62,89.0,4.04,88.15,84.74375256551444
2023-10-10 23:58:00,87.65,-0.5,86.92,0.85,88.47,-0.53,87.65,87.60419904692017
2023-10-11 23:58:00,85.82,-1.83,85.22,-1.7,88.25,-0.22,85.82,87.29836072001589
2023-10-12 23:58:00,86.0,0.18,85.18,-0.04,87.64,-0.61,86.0,86.29786925731945
2023-10-13 23:58:00,90.89,4.89,86.28,1.1,90.99,3.35,90.89,85.95869928906808
2023-10-16 23:58:00,89.65,-1.24,89.49,3.21,91.39,0.4,89.65,90.47480711553088
2023-10-17 23:58:00,89.9,0.25,88.87,-0.62,90.92,-0.47,89.9,89.9493600607303
2023-10-18 23:58:00,91.5,1.6,90.6,1.73,92.97,2.05,91.5,90.07273258710256
2023-10-19 23:58:00,92.38,0.88,89.53,-1.07,93.47,0.5,92.38,91.17432878516009
2023-10-20 23:58:00,92.16,-0.22,91.68,2.15,93.79,0.32,92.16,91.89934377896942
2023-10-23 23:58:00,89.83,-2.33,89.62,-2.06,92.43,-1.36,89.83,92.44443155477637
2023-10-24 23:58:00,88.07,-1.76,87.35,-2.27,90.67,-1.76,88.07,90.04637964999823
2023-10-25 23:58:00,90.13,2.06,86.67,-0.68,90.34,-0.33,90.13,88.42317560454704
2023-10-26 23:58:00,87.93,-2.2,87.55,0.88,90.36,0.02,87.93,90.14775671558824
2023-10-27 23:58:00,90.48,2.55,87.84,0.29,90.74,0.38,90.48,88.34393189221662
2023-10-30 23:58:00,87.45,-3.03,87.22,-0.62,90.3,-0.44,87.45,90.07548609091403
2023-10-31 23:58:00,87.42,-0.03,87.42,0.2,88.53,-1.77,87.42,87.39549849705472
2023-11-02 23:58:00,86.94,-0.48,86.86,-0.56,86.94,-1.59,86.94,87.73069996849223
2023-11-03 23:58:00,84.89,-2.05,84.55,-2.31,87.78,0.84,84.89,86.95351880171748
2023-11-06 23:58:00,85.18,0.29,84.91,0.36,86.45,-1.33,85.18,85.25286844224819
2023-11-07 23:58:00,81.61,-3.57,81.42,-3.49,85.32,-1.13,81.61,85.39571895330305
2023-11-08 23:58:00,79.54,-2.07,79.16,-2.26,81.93,-3.39,79.54,82.19834251657518
2023-11-09 23:58:00,80.01,0.47,79.44,0.28,81.48,-0.45,80.01,79.66878726266066
2023-11-10 23:58:00,81.43,1.42,79.61,0.17,82.05,0.57,81.43,79.6255009028933
2023-11-13 23:58:00,82.52,1.09,80.41,0.8,82.82,0.77,82.52,81.54270382138752
2023-11-14 23:58:00,82.47,-0.05,82.05,1.64,83.97,1.15,82.47,82.33685762215718
2023-11-15 23:58:00,81.18,-1.29,80.8,-1.25,83.01,-0.96,81.18,82.58852516870057
2023-11-16 23:58:00,77.42,-3.76,76.6,-4.2,81.16,-1.85,77.42,81.54428930553065
2023-11-17 23:58:00,80.61,3.19,77.28,0.68,80.8,-0.36,80.61,78.04600303233869
2023-11-20 23:58:00,82.32,1.71,79.97,2.69,82.93,2.13,82.32,80.15788587353822
2023-11-21 23:58:00,82.45,0.13,81.41,1.44,82.53,-0.4,82.45,81.73295487069903
2023-11-22 23:58:00,81.96,-0.49,78.41,-3.0,82.63,0.1,81.96,82.6836656089078
2023-11-24 13:00:00,80.58,-1.38,80.18,1.77,82.2,-0.43,80.58,81.9660623012499
2023-11-27 23:58:00,79.98,-0.6,79.13,-1.05,81.18,-1.02,79.98,80.86751228711618
2023-11-28 23:58:00,81.68,1.7,79.83,0.7,82.18,1.0,81.68,80.28633498486181
2023-11-29 23:58:00,83.1,1.42,80.96,1.13,83.24,1.06,83.1,81.69221924762599
2023-11-30 23:58:00,80.86,-2.24,82.67,1.71,84.71,1.47,80.86,82.77649635769929
2023-12-01 23:58:00,78.88,-1.98,78.75,-3.92,81.52,-3.19,78.88,80.7266347801195
2023-12-04 23:58:00,78.03,-0.85,77.52,-1.23,79.66,-1.86,78.03,79.3988338220361
2023-12-05 23:58:00,77.2,-0.83,76.98,-0.54,79.07,-0.59,77.2,78.1078269016225
2023-12-06 23:58:00,74.3,-2.9,74.11,-2.87,77.63,-1.44,74.3,77.43431628010289
2023-12-07 23:58:00,74.05,-0.25,73.61,-0.5,75.48,-2.15,74.05,74.85625584820762
2023-12-08 23:58:00,75.84,1.79,74.23,0.62,76.36,0.88,75.84,74.30692511128993
2023-12-11 23:58:00,76.03,0.19,75.0,0.77,76.48,0.12,76.03,75.50255939025429
2023-12-12 23:58:00,73.24,-2.79,72.86,-2.14,76.64,0.16,73.24,75.62478604264511
2023-12-13 23:58:00,74.26,1.02,72.3,-0.56,74.7,-1.94,74.26,73.81869450734852
2023-12-14 23:58:00,77.12,2.86,74.46,2.16,77.35,2.65,77.12,74.13647797483306
2023-12-15 23:58:00,77.03,-0.09,76.32,1.86,77.67,0.32,77.03,76.92146620433078
2023-12-18 23:58:00,78.11,1.08,76.38,0.06,79.74,2.07,78.11,77.22554086333423
2023-12-19 23:58:00,79.37,1.26,77.54,1.16,79.77,0.03,79.37,78.17886022755869
2023-12-20 23:58:00,79.42,0.05,79.11,1.57,80.62,0.85,79.42,79.0705941787914
2023-12-21 23:58:00,78.79,-0.63,77.76,-1.35,79.59,-1.03,78.79,79.03458954842459
2023-12-22 23:58:00,78.33,-0.46,78.24,0.48,79.6,0.01,78.33,79.13063202562151
2023-12-26 23:58:00,80.23,1.9,78.22,-0.02,80.7,1.1,80.23,78.34462358293804
2023-12-27 23:58:00,79.09,-1.14,78.91,0.69,80.21,-0.49,79.09,80.15361726149553
2023-12-28 23:58:00,76.82,-2.27,76.8,-2.11,79.34,-0.87,76.82,79.41592384490299
2023-12-29 23:58:00,76.64,-0.18,76.44,-0.36,77.48,-1.86,76.64,77.27599693838987
2024-01-02 23:58:00,75.89,-0.75,75.6,-0.84,79.04,1.56,75.89,76.54383379145796
2024-01-03 23:58:00,78.25,2.36,74.79,-0.81,78.67,-0.37,78.25,75.6161838414034
2024-01-04 23:58:00,77.59,-0.66,76.5,1.71,79.4,0.73,77.59,78.27045561788445
2024-01-05 23:58:00,78.14,0.55,77.14,0.64,78.5,-0.9,78.14,77.59125589260239
2024-01-08 23:58:00,75.6,-2.54,74.95,-2.19,77.47,-1.03,75.6,78.21229613332713
2024-01-09 23:58:00,76.81,1.21,75.41,0.46,77.34,-0.13,76.81,76.09818949374089
2024-01-10 23:58:00,75.89,-0.92,75.73,0.32,77.71,0.37,75.89,76.89806461896117
